deal,outlet,date,terms,url
ole-miss-adidas,On3,2026-10-02,Agreement reported; Nike deal ends June 2027,https://www.on3.com/news/ole-miss-adidas-agree-to-deal-making-brand-rebels-new-official-apparel-partner/
ole-miss-adidas,Yahoo Sports,,"7 years, $140M, July 2027 through 2034",https://sports.yahoo.com/articles/ole-miss-drops-nike-140-234812683.html
ole-miss-adidas,Fox Sports,2026-10-02,"7 years, July 1, 2027 through 2034, expected to rival or exceed $20M a year",https://www.foxsports.com/stories/college-football/ole-miss-nike-adidas-seven-year-deal
ole-miss-adidas,Saturday Down South,,"10 years, $200M to $300M",https://www.saturdaydownsouth.com/news/college-football/ole-miss-finalizing-deal-to-move-to-adidas-from-nike-per-report/
ole-miss-adidas,Red Cup Rebellion,,$20M or more a year,https://www.redcuprebellion.com/ole-miss-news/41706/ole-miss-finalizing-deal-with-adidas-at-20m-annually
ole-miss-adidas,Yardbarker,,,https://www.yardbarker.com/college_football/articles/ole_miss_reportedly_makes_major_decision_after_nearly_30_years_with_nike/s1_13132_44379666
ole-miss-adidas,Ole Miss Athletics,2026-10-07,"7 years, July 1 2027 through June 2034, 18 programs; no value stated",https://olemisssports.com/news/2026/10/7/athletics-adidas-ole-miss-announce-7-year-partnership-beginning-in-2027
ole-miss-adidas,Oxford Eagle,2026-10-07,"7 years from July 1 2027, replaces Nike; cites On3 at about $20M a year",https://oxfordeagle.com/2026/10/07/ole-miss-announces-deal-with-adidas-leaving-nike/
ole-miss-adidas,SuperTalk Mississippi,2026-10-07,"7 years through June 2034; more than $20M a year per unnamed source",https://supertalk.fm/ole-miss-athletics-strikes-uniform-partnership-with-adidas
ole-miss-nike,SportBusiness,2015,"12 years, 2015-16 through 2026-27",https://sponsorship.sportbusiness.com/news/ole-miss-extends-with-nike/
miami-nike-2027,Yardbarker,,"10 years, more than $200M",https://www.yardbarker.com/college_football/articles/ole_miss_reportedly_makes_major_decision_after_nearly_30_years_with_nike/s1_13132_44379666
miami-nike-2027,Bleacher Report,,"About $20M a year, about $13M of it cash",https://bleacherreport.com/articles/25499923-miami-reportedly-switching-back-nike-adidas-primary-apparel-provider-uniforms-more
miami-adidas,Bleacher Report,,"12 years, more than $90M, ends June 30, 2027",https://bleacherreport.com/articles/25499923-miami-reportedly-switching-back-nike-adidas-primary-apparel-provider-uniforms-more
tennessee-adidas-2026,Local 3 News,2025-08-13,"Effective July 1, 2026",https://www.local3news.com/local-sports/tennessee-athletics-switch-back-to-adidas-apparel/article_debca16b-5dc0-4c7d-a6c5-6ab3c1062223.html
tennessee-adidas-2026,StateCollege.com,,"10 years, reported about $20M a year",https://www.statecollege.com/articles/psu-news/penn-state-athletics-announces-switch-from-nike-to-adidas-beginning-in-2026/
tennessee-nike,CBS Sports,2014-01,"8 years, nearly $4M a year, plus a $2M signing bonus",https://www.cbssports.com/college-football/news/tennessee-leaves-adidas-signs-new-apparel-agreement-with-nike
tennessee-nike,VolReport,2025-05-15,"Amended to run through June 30, 2026",https://tennessee.rivals.com/news/a-look-at-tennessee-athletics-contract-with-nike
penn-state-adidas,StateCollege.com,,"10 years, beginning July 1, 2026",https://www.statecollege.com/articles/psu-news/penn-state-athletics-announces-switch-from-nike-to-adidas-beginning-in-2026/
penn-state-adidas,Bleacher Report,,"10 years, about $300M",https://bleacherreport.com/articles/25499923-miami-reportedly-switching-back-nike-adidas-primary-apparel-provider-uniforms-more
penn-state-nike,The Philadelphia Inquirer,2025-09-03,Nike partner since 1993,https://www.inquirer.com/college-sports/penn-state/penn-state-adidas-nike-athletics-sponsor-20250903.html
south-carolina-nike,The Daily Mississippian,,South Carolina officially joined Nike,https://thedmonline.com/an-inside-look-at-the-rebels-partnership-with-nike/
south-carolina-nike,StateCollege.com,,Nike flipped South Carolina from Under Armour,https://www.statecollege.com/articles/penn-state-football/report-penn-state-planning-switch-to-adidas-as-apparel-provider
boston-college-new-balance,SportsLogos.Net,2021-04-13,"30 of 31 sports from June 1, 2021, 10 years, $45M",https://news.sportslogos.net/2021/04/13/boston-college-announces-new-balance-as-official-outfitter-in-all-sports-except-football/basketball/
boston-college-new-balance,FootballScoop,2021-04-13,Football left out; its supplier to be announced later,https://footballscoop.com/news/boston-college-has-inked-a-long-term-deal-with-a-new-uniform-provider
california-nike,Cal Athletics,2023-01-11,"Three years from July 1, 2023",https://calbears.com/news/2023/1/11/athletics-news-cal-athletics-enters-into-new-partnership-with-nike
california-under-armour,Write for California,,Cal moved from Under Armour to Nike,https://writeforcalifornia.com/p/cal-under-armour-nike-deal
clemson-nike,NBC Sports,2018-08-03,"10 years, $58M, through 2028",https://collegefootballtalk.nbcsports.com/2018/08/03/clemson-announces-10-year-58-million-apparel-contract-extension-with-nike/
duke-nike,SportBusiness,,"12 years, 2016 through 2027",https://sponsorship.sportbusiness.com/news/duke-athletics-seals-long-term-nike-extension/
georgia-tech-under-armour,FootballScoop,2025-10-03,"Starts July 1, 2026; terms not disclosed",https://www.footballscoop.com/2025/10/03/georgia-tech-latest-power-4-apparel-providers-under-armour
georgia-tech-under-armour,Atlanta News First,2026-06-27,New Under Armour gear launched,https://www.atlantanewsfirst.com/2026/06/27/georgia-tech-athletics-launches-new-under-armour-apparel/
louisville-adidas,Louisville Athletics,2017-08-25,"10 years, through 2027-28",https://gocards.com/news/2017/8/25/general-louisville-adidas-strike-landmark-10-year-partnership-through-2027-28
louisville-adidas,CBS News,,"10 years, $160M",https://www.cbsnews.com/amp/detroit/news/louisville-adidas-announce-10-year-160-million-extension
nc-state-adidas,NC State Athletics,2015-11-10,"Extension from July 2016 through June 2022; partnership began April 2012",https://gopack.com/news/2015/11/10/GEN_1110150032
north-carolina-nike,SportBusiness,,"10 years through June 2028, about $6.27M a year",https://sponsorship.sportbusiness.com/news/tarheels-seal-big-extension-with-nike/
notre-dame-under-armour,CBS Sports,2023-08-04,"10 years through 2034, about $100M",https://www.cbssports.com/college-football/news/notre-dame-under-armour-reach-lucrative-agreement-on-10-year-contract-extension-for-apparel
pittsburgh-nike,Pitt Athletics,2023-07-06,Extension through 2026,https://pittsburghpanthers.com/news/2023/7/6/general-pitt-extends-partnership-with-nike-through-2026
smu-nike,SMU,2012-01-24,SMU signs with Nike,https://www.smu.edu/News/2012/nike-deal-24jan2012
syracuse-nike,Syracuse Athletics,2019-06-14,Partnership extended,https://cuse.com/news/2019/6/14/general-syracuse-and-nike-extend-partnership
virginia-nike,SportBusiness,,"10-year extension through June 2025, $30.5M",https://sponsorship.sportbusiness.com/news/nike-signs-long-term-extension-with-university-of-virginia
virginia-tech-nike,Pavilion contract record,,"Contract VTG-2161-2024 ended June 30, 2025",https://www.withpavilion.com/solicitations/52969dc2-769d-4fc4-9d0a-2e8d5479dabc/contracts/virginia-tech_vtg-2161-2024_nike-usa-inc
auburn-nike,Auburn Athletics,2024-04-09,"10 years, beginning July 2025",https://auburntigers.com/news/2024/04/09/auburn-announces-10-year-deal-with-nike
auburn-nike,CBS Sports,,Ends an 18-year Under Armour partnership,https://www.cbssports.com/college-football/news/auburn-signs-10-year-apparel-deal-with-nike-to-begin-in-2025-ends-18-year-partnership-with-under-armour
south-carolina-nike,WIS,2025-08-22,"10 years from July 1, 2026: $70M product, $5M cash, $2.5M extra product, 15% royalty",https://www.wistv.com/2025/08/22/south-carolina-moves-nike-athletic-apparel-new-10-year-deal
south-carolina-nike,Fox Carolina,2026-07-01,Gamecocks officially switch to Nike,https://www.foxcarolina.com/2026/07/01/gamecocks-officially-switch-nike-athletic-apparel-whats-agreement/
lsu-nike,Nike,,Extension through 2036 with the Blue Ribbon Elite NIL program,https://about.nike.com/en/newsroom/releases/nike-lsu-partnership-extension
lsu-nike,WBRZ,,Partnership extended through 2036,https://www.wbrz.com/news/lsu-nike-extend-partnership-through-2036-with-tigers-joining-new-nike-nil-program
kentucky-nike,Kentucky Kernel,2013,"Eight-year extension, up to $30.6M",https://kykernel.com/?p=53092
mississippi-state-adidas,The Commercial Dispatch,2014-04-11,"Seven years through 2020, $17.5M",https://cdispatch.com/sports/msu-adidas-sign-seven-year-17-5m-extension/
mississippi-state-adidas,SportBusiness,,Adidas partner since a 2009 deal,https://sponsorship.sportbusiness.com/news/adidas-scores-long-term-msu-extension/
oklahoma-nike,NBC Sports,2018-07-27,"Jordan Brand, 2018 through 2028, up to $70M",https://collegefootballtalk.nbcsports.com/2018/07/27/oklahomas-move-to-jordan-brand-is-worth-as-much-as-70-million-for-the-school/
texas-nike,SportBusiness,,"15 years, $250M, through 2030",https://sponsorship.sportbusiness.com/news/university-of-texas-gives-green-light-to-lucrative-new-nike-deal/
texas-am-adidas,Yahoo Sports,2024-05-05,"5 years, July 1, 2022 to June 30, 2027",https://sports.yahoo.com/top-15-deal-texas-m-011511182.html
florida-nike,News4JAX,2018-07-18,Football unveils Jordan Brand uniforms,https://www.news4jax.com/sports/2018/07/18/gators-unveil-new-jordan-brand-football-uniforms/
georgia-nike,NBC Sports,2015-05-20,New Nike deal reported at $40M,https://collegefootballtalk.nbcsports.com/2015/05/20/report-new-deal-with-nike-worth-40-million-to-georgia/
maryland-under-armour,Maryland Athletics,2024-06-13,12-year extension through 2036,https://umterps.com/news/2024/6/13/terrapin-athletics-university-of-maryland-and-under-armour-announce-12-year-extension-of-iconic-partnership
michigan-nike,UM Hoops,,"Through 2027 with an option to 2031; Jordan Brand for basketball",https://umhoops.com/?p=71767
rutgers-nike,Rutgers University,2024-12,Multi-year Nike and BSN Sports partnership from July 2025,https://www.rutgers.edu/news/news-board-governors-december-2024
rutgers-nike,AOL,,Rutgers no longer under contract with Adidas,https://www.aol.com/rutgers-sports-no-longer-under-193003952.html
usc-nike,Bleacher Report,,New 10-year agreement with an NIL partnership,https://bleacherreport.com/articles/25454971-usc-nike-announce-new-10-year-contract-agreement-unveil-nil-partnership
usc-nike,Hoodline,2026-07,Nike through 2036,https://hoodline.com/2026/07/trojans-lock-in-nike-through-2036-in-big-nil-power-play/
indiana-adidas,The Philadelphia Inquirer,2025-09-03,Listed among the Big Ten's Adidas schools,https://www.inquirer.com/college-sports/penn-state/penn-state-adidas-nike-athletics-sponsor-20250903.html
nebraska-adidas,The Philadelphia Inquirer,2025-09-03,Listed among the Big Ten's Adidas schools,https://www.inquirer.com/college-sports/penn-state/penn-state-adidas-nike-athletics-sponsor-20250903.html
washington-adidas,The Philadelphia Inquirer,2025-09-03,Listed among the Big Ten's Adidas schools,https://www.inquirer.com/college-sports/penn-state/penn-state-adidas-nike-athletics-sponsor-20250903.html
cincinnati-nike,FOX19,2023-05-16,"Nike from July 1, 2023; Jordan Brand for basketball",https://www.fox19.com/2023/05/16/report-cincinnati-bearcats-return-nikejordan-brand-apparel/
utah-under-armour,Deseret News,2026-06-08,Partnership ends after the 2026-27 school year,https://www.deseret.com/sports/2026/06/08/utah-utes-under-armour-apperal-deal-ending
utah-adidas,Roundtable,2026-06-24,"Official, 7 years from July 1, 2027",https://roundtable.io/sports/ncaa/utah/news/utah-lands-major-adidas-partnership-in-significant-move-for-utes-athletics
colorado-state-adidas,Colorado State Athletics,2026-08-04,"Multi-year, starts immediately",https://csurams.com/news/2026/8/4/general-colorado-state-adidas-announce-long-term-partnership
colorado-state-adidas,SGB Media,,Adidas replaces Under Armour,https://sgbonline.com/adidas-replaces-under-armour-as-colorado-state-outfitter/
rice-nike,BroBible,,Rice wears Nike in 2026,https://brobible.com/sports/article/college-football-uniforms-south-carolina-tennessee-rice-georgia-tech-penn-state/
akron-nike,Akron Athletics,2026-03-12,New deal with Nike and BSN Sports,https://gozips.com/news/2026/3/12/general-the-university-of-akron-nike-and-bsn-sports-elevate-relationship-with-new-deal
miami-oh-adidas,Miami Athletics,2026-08-13,Adidas extension with BSN Sports added,https://miamiredhawks.com/news/2026/8/13/general-miami-athletics-extends-agreement-with-adidas-adds-bsn-partnership
central-michigan-adidas,CMU Athletics,2018-10-03,Partnership extension announced,https://cmuchippewas.com/news/2018/10/3/general-cmu-athletics-announces-partnership-extension-with-adidas
western-michigan-adidas,WMU Athletics,2021-06-22,Partnership extended,https://wmubroncos.com/news/2021/6/22/general-wmu-athletics-adidas-extend-partnership
air-force-nike,Air Force Athletics,2023-09-27,Five-year extension,https://goairforcefalcons.com/news/2023/9/27/general-air-force-signs-five-year-contract-extension-with-nike
nevada-adidas,Nevada Athletics,2025-07-15,Extended into 2030,https://nevadawolfpack.com/news/2025/7/15/general-university-of-nevada-extends-its-agreement-with-adidas-into-2030.aspx
unlv-nike,UNLV Athletics,2025-03-06,Partnership extended,https://unlvrebels.com/news/2025/3/6/general-unlv-athletics-and-nike-extend-partnership.aspx
north-dakota-state-under-armour,NDSU Athletics,2024-09-30,New apparel agreement,https://gobison.com/news/2024/9/30/general-north-dakota-state-under-armour-enter-new-apparel-agreement
uconn-nike,The UConn Blog,2017-07-27,Apparel deal renewed,https://www.theuconnblog.com/2017/7/27/16040974/uconn-athletics-nike-renew-apparel-deal
alabama-nike,Nike Newsroom,2026-09-08,"Three-decade, all-sports partnership with Nike; no term published",https://about.nike.com/newsroom/releases/nike-and-alabama-expand-their-three-decade-partnership-with-18-blue-ribbon-elite-nil-signings
alabama-nike,NBC Sports,2010-05-15,"2010 extension through 2018, about $30M in cash and product over eight years",https://www.nbcsports.com/college-football/news/tide-now-has-most-lucrative-nike-deal
app-state-nike,App State Athletics,2025-02-25,Five-year extension with Nike and BSN Sports through the end of 2030,https://appstatesports.com/news/2025/2/25/athletics-app-state-inks-five-year-extension-with-nike-bsn-sports.aspx
arizona-nike,Arizona Athletics,2026-06-04,"Nike agreement through 2033, called the largest publicly known Nike partnership in the Big 12",https://arizonawildcats.com/news/2026/6/4/general-arizona-athletics-celebrates-historic-revenue-year.aspx
arizona-nike,Arizona Daily Star,2025,"Eight-year Nike deal from the 2025-26 season through 2033, $44M total, $5.5M a year",https://thisistucson.com/sports/college/basketball/wildcats/men/article_37adfea2-f83f-11ef-9528-7fa16190a6c7.html
arizona-state-adidas,Sports Illustrated,2025-06-20,Adidas has outfitted all 26 ASU teams since 2015; no current term published,https://www.si.com/college/arizonastate/asu-sun-devils-football-adidas-kenny-dillingham
arizona-state-adidas,Sun Devil Athletics,2014-12-16,"Eight years from July 2015 through the 2022-23 season, $33.8M",https://thesundevils.com/news/2014/12/16/sun-devil-athletics-adidas-announce-8-year-partnership
arkansas-nike,SGB Media,2010-07-01,"Five-year Nike deal began July 2010, replacing Adidas",https://sgbonline.com/?p=33777
arkansas-nike,Northwest Arkansas Democrat-Gazette,2014-04-21,Names the Nike partnership behind the 2014 rebrand; no term published,https://www.nwaonline.com/news/2014/apr/21/razorbacks-announcing-rebrand-tonight/
arkansas-state-adidas,Arkansas State Athletics,2012-04-05,Names adidas as Arkansas State's official outfitter; no term published,https://astateredwolves.com/news/2012/4/5/205409203.aspx
army-nike,Army West Point Athletics,2025-12-13,10-year extension of the long-standing Nike apparel and footwear partnership,https://goarmywestpoint.com/news/2025/12/13/general-army-west-point-athletics-announces-10-year-contract-extension-with-nike
ball-state-nike,Ball State Athletics,2017-05-04,"Five years from September 2017 through August 2022, all 19 varsity teams",https://ballstatesports.com/news/2017/5/4/general-ball-state-athletics-and-nike-announce-multi-year-partnership
baylor-nike,Baylor University,2019-05-29,Nike partnership equips all 19 sport programs; no term published,https://bn.web.baylor.edu/news/story/2019/one-brand-one-baylor
baylor-nike,Sole Retriever,2025-09-19,Calls Baylor a Nike-sponsored school; no term published,https://www.soleretriever.com/news/articles/nike-signs-baylor-qb-sawyer-robertson-to-nil-deal
boise-state-nike,Boise State Athletics,2018-06-12,"Six-year all-sport extension through 2024-25, $12.16M total, over $2M a year",https://broncosports.com/sports/2018/6/18/genrel-061218aaa-html
bowling-green-nike,BGSU Athletics,2020-07-29,"Multi-year Nike extension through BSN Sports from July 1, 2020, all 18 varsity teams",https://bgsufalcons.com/news/2020/7/29/general-bgsu-extends-partnership-with-nike-and-bsn-sports
bowling-green-nike,SGB Online,2020-08-19,"Multi-year Nike extension through BSN Sports, all 18 varsity teams",https://sgbonline.com/?p=198881
buffalo-nike,UB Athletics,2025-07-21,"Five years, July 1, 2025 to June 30, 2030, all varsity sports",https://ubbulls.com/news/2025/7/21/general-ub-athletics-renews-partnership-with-nike-through-legends
byu-nike,SportBusiness,,"Nike extension through the 2025-26 school year, with more than double the previous annual deal value",https://sponsorship.sportbusiness.com/news/nike-extends-byu-relationship-to-2026/
byu-nike,The Daily Universe,,"Agreement signed March 2019, seven years through the 2025-26 season",https://universe.byu.edu/?p=599199
charlotte-nike,SGB,2023-02-16,Charlotte outfitted in Nike product through BSN Sports; no term given,https://sgbonline.com/?p=271469
charlotte-nike,Salisbury Post,2020-06-24,Nike named as Charlotte's apparel partner in brand identity coverage; no term given,https://www.salisburypost.com/?p=466249
coastal-carolina-under-armour,Coastal Carolina Athletics,2016-05-09,"Multi-year Under Armour agreement beginning July 1, 2016",https://goccusports.com/news/2016/5/9/Coastal_Carolina_Athletics_Announce_Partnership_with_Under_Armour?path=caf
coastal-carolina-under-armour,WBTW,2016-05-09,"Under Armour named official outfitter beginning July 1, 2016",https://digital-release.wbtw.com/?p=103265
colorado-nike,Colorado Athletics,2021-07-16,"Fourth Nike contract, 10 years through the end of the 2024-25 fiscal year",https://cubuffs.com/news/2021/7/16/general-long-lasting-buffs-nike-partnership-has-stood-test-of-time
delaware-adidas,University of Delaware Athletics,2026-01-12,Five-year contract extension starting in 2026-27,https://bluehens.com/news/2026/1/12/delaware-athletics-daccr-adidas-ink-five-year-extension-adds-bsn-sports
east-carolina-adidas,East Carolina Athletics,2026-04-14,"Multi-year extension of the adidas partnership, BSN SPORTS named exclusive distributor",https://ecupirates.com/news/2026/4/14/football-ecu-athletics-extends-partnership-with-adidas-taps-bsn-sports-as-official-distributor
east-carolina-adidas,East Carolina Athletics,2015-11-04,10-year adidas partnership from July 2016 through the 2025-26 athletic season,https://ecupirates.com/news/2015/11/4/East_Carolina_Athletics_adidas_Announce_10_Year_Partnership
eastern-michigan-adidas,FashionUnited,2015-06-22,"Seven-year contract through June 30, 2022, replacing a five-year deal",https://fashionunited.com/news/retail/adidas-renews-agreement-with-eastern-michigan-athletics/201506227329
eastern-michigan-adidas,Eastern Michigan Athletics,2019-08-16,2019 football uniforms designed in coordination with Adidas,https://emueagles.com/news/2019/8/16/football-unveils-new-uniforms-for-2019-season
fiu-adidas,Miami Herald (via AOL),2024-10-20,"FIU football's white Vice U uniform for the October 22, 2024 game was produced by adidas",https://www.aol.com/fiu-football-white-vice-u-120000249.html
fiu-adidas,SportsLogos.Net,2023-08-10,FIU football's 2023 alternate uniforms carry an adidas mark,https://news.sportslogos.net/fiu-panthers-unveil-miami-vice-alternate-uniforms
florida-atlantic-adidas,Florida Atlantic Athletics,2010-01-08,Agreement with adidas America to outfit the athletic teams; no term given,https://fausports.com/news/2010/1/8/Athletics_Partners_with_adidas_America
florida-state-nike,Florida State Athletics,2005-11-03,"10-year Nike contract, up to $34M, renewal period after six years",https://seminoles.com/news/2005/11/3/nike-contract-has-helped-school-over-the-years
fresno-state-adidas,Fresno State Athletics,2019-12-05,"6-year Adidas partnership starting June 1, 2020 through the 2026 season",https://gobulldogs.com/news/2019/12/5/general-fresno-state-athletics-announces-partnership-with-adidas
georgia-southern-adidas,Georgia Southern Athletics,2016-08-24,Seven-year adidas extension through the 2023-24 season,https://gseagles.com/news/2016/8/24/football-georgia-southern-athletics-extends-partnership-with-adidas
georgia-state-under-armour,Georgia State Athletics,2016-10-10,"Multi-year Under Armour agreement beginning July 1, 2017",https://georgiastatesports.com/news/2016/10/10/211218600.aspx
hawaii-nike,KHON2,2025-02-27,"Seven years, July 1, 2025 through June 30, 2032, all UH athletics teams",https://www.khon2.com/sports/hawaii-athletics-announces-partnership-with-nike-bsn-sports/amp/
hawaii-adidas,Honolulu Star-Advertiser,2021-07-21,"Four-year Adidas deal through the 2024-25 academic year, replacing Under Armour",https://staradvertiser.com/?p=1047553
hawaii-under-armour,University of Hawaii News,2017-07-18,Under Armour official outfitter of UH Manoa's 21 varsity programs through June 2022,https://hawaii.edu/news/?p=62586
houston-nike,SGB Media,2020-12-08,Names Jordan Brand as Houston's major college football outfitter; no term published,https://sgbonline.com/?p=209437
illinois-nike,Fighting Illini Athletics,2026-09-01,"Seven-year extension with every Illini team wearing Nike through June 30, 2033",https://fightingillini.com/news/2026/9/1/general-illinois-athletics-extending-partnership-with-nike
illinois-nike,FOX Illinois,2026-09-01,"Illinois extends Nike agreement for seven years, through June 30, 2033",https://www.foxillinois.com/sports/illinois-fighting-illini-extends-nike-agreement-for-seven-years/article_f7e72dcc-cccd-464e-a1cf-9bc93fe5b7f5.html
iowa-nike,The Gazette,2017-07-30,Nike equipment and apparel contract extended in August 2016 through the 2025-26 season,https://www.thegazette.com/?p=120185
iowa-state-nike,FootballScoop,2018-07-10,Names Iowa State's Nike uniforms,https://www.footballscoop.com/2025/03/04/iowa-state-shares-new-alternative-uniforms-including-black-option
jacksonville-state-adidas,Jacksonville State Athletics,2017-05-18,"Five-year extension, June 2017 through the 2021-22 season",https://jaxstatesports.com/news/2017/5/17/general-jacksonville-state-announces-partnership-extension-with-adidas
james-madison-nike,JMU Athletics,2019-07-18,"Five-year Nike agreement through BSN Sports, commenced June 1, 2019",https://jmusports.com/news/2019/7/18/administration-james-madison-partners-with-bsn-sports-nike
kansas-adidas,Kansas Athletics,2019-04-24,adidas extension through 2031 covering all 18 teams,https://kuathletics.com/news/2024/5/22/university-of-kansas-renews-partnership-with-adidas
kansas-adidas,Sportcal,2026-08-27,Adidas is the kit supplier for the Jayhawks; no term published,https://sportcal.com/news/jayhawks-sun-devils-bring-adidas-to-union-jack-classic-as-event-partner/
kansas-state-nike,AOL,,"Contract runs July 1, 2024 to July 1, 2027, with an option to extend to 2029",https://www.aol.com/k-state-apparel-contract-leaves-184846481.html
kennesaw-state-adidas,Cobb Chamber,2024-04-02,"Adidas is the official on-field gear and apparel provider through June 30, 2026",https://cobbchamber.org/kennesaw-state-continues-partnership-with-adidas-through-2026/
kennesaw-state-adidas,Kennesaw State Athletics,2016-09-01,Seven-year extension through the 2022-23 season,https://ksuowls.com/news/2016/9/1/general-kennesaw-state-extends-partnership-with-adidas
kent-state-under-armour,Kent State Athletics,2015-11-12,Multi-year deal covering all 18 varsity teams,https://kentstatesports.com/news/2015/11/12/GEN_1112152300
kent-state-under-armour,Kent State University,2017-03-16,Calls Under Armour the official athletics apparel partner,https://www.kent.edu/node/563821
liberty-nike,Liberty Athletics,2017-07-19,Nike extended its contract with Liberty through 2024,https://libertyflames.com/news/2017/7/19/liberty-athletics-inks-nike-contract-through-2024
louisiana-adidas,Louisiana Athletics,2022-03-21,"Two-year adidas extension through the 2023-24 athletic year, $1.1 million in additional value",https://ragincajuns.com/news/2022/3/21/louisiana-athletics-and-adidas-extend-partnership
louisiana-tech-adidas,Louisiana Tech Athletics,2026-05-18,adidas extension announced; length and value not published,https://latechsports.com/news/2026/5/18/general-la-tech-athletics-extends-adidas-partnership-adds-game-one
marshall-nike,Marshall Athletics,2023-02-16,Nike and BSN Sports agreement finalized; dates and value not published,https://herdzone.com/news/2023/2/16/general-marshall-athletics-extends-partnership-with-nike
memphis-nike,Memphis Athletics,2018-06-18,"Five-year Nike extension from July 1, 2018, product allotment $2.05M in 2018-19 rising to $2.25M by 2022-23",https://gotigersgo.com/news/2018/6/18/general-tigers-nike-agree-to-five-year-extension
michigan-state-nike,Spartan Avenue (FanSided),2024-07-19,"Nike contract extended through 2027 at about $700,000 a year",https://spartanavenue.com/posts/michigan-state-and-nike-strike-deal-to-extend-contract-01j364s62zn9
middle-tennessee-nike,Middle Tennessee Athletics,2026-03-23,Long-term extension with Nike and BSN SPORTS; length not stated,https://goblueraiders.com/news/2026/3/23/general-mtsu-agrees-to-long-term-extension-with-nike-and-bsn-sports
middle-tennessee-nike,MTSU Sidelines,2014-10-31,"Five-year Nike deal, all teams outfitted with Nike",https://mtsusidelines.com/2014/10/31/mt-announces-five-year-deal-with-nike/
minnesota-nike,Forum News Service,2024,New Nike Vapor jerseys starting in fall 2024,https://www.inforum.com/sports/college/gophers-football-introduces-new-jerseys-for-first-time-since-2018
missouri-nike,KOMU,2018-09-05,Mizzou's Nike contract ends in 2021,https://www.komu.com/news/mizzou-fans-retailer-react-to-new-nike-campaign/article_06bb5f63-dc3e-5009-8a0c-999657905177.html
missouri-state-adidas,Missouri State Athletics,2026-03-23,"Official outfitter through June 30, 2031, with two one-year renewal options",https://missouristatebears.com/news/2026/3/23/general-missouri-state-adidas-renew-partnership-through-2031.aspx
navy-under-armour,Navy Athletics,2024-12-11,Multiyear extension; Under Armour official outfitter since 2014,https://navysports.com/news/2024/12/11/football-under-armour-and-the-naval-academy-athletic-association-extend-partnership-in-amultiyear-agreement
navy-under-armour,Under Armour,2024-12-11,Multiyear extension of the partnership with the Naval Academy Athletic Association,https://www.underarmour.com/en-us/t/playbooks/stories/under-armour-and-the-naval-academy-athletic-association-extend
new-mexico-nike,New Mexico Athletics,2023-10-12,Extension through the 2026-27 academic year,https://golobos.com/news/2023/10/12/lobos-nike-announce-extension-through-2027/
new-mexico-state-adidas,NM State Athletics,2025-12-16,"Multi-year agreement with adidas and Game One taking effect July 1, 2026",https://nmstatesports.com/news/2025/12/16/baseball-nm-state-athletics-to-collaborate-with-adidas-and-game-one-beginning-in-2026.aspx
new-mexico-state-under-armour,NM State Athletics,2021-07-16,"Under Armour outfitter since July 1, 2016; extended through June 30, 2026",https://nmstatesports.com/news/2021/7/16/general-nm-state-under-armour-ink-five-year-apparel-partnership-extension.aspx
north-texas-nike,North Texas Athletics,2023-04-14,"Three-year Nike and BSN SPORTS extension effective June 1, 2023",https://meangreensports.com/news/2023/4/14/general-unt-extends-partnership-with-nike-and-bsn-sports
northern-illinois-adidas,NIU Athletics,2019-12-13,Renewal through June 2026 with a three-year optional renewal through 2029,https://niuhuskies.com/news/2019/12/13/general-northern-illinois-university-renews-partnership-with-adidas
northwestern-under-armour,Northwestern Athletics,2025-03-20,Extension announced; Under Armour has been the official outfitter since 2012,https://nusports.com/news/2025/3/20/general-under-armour-and-northwestern-university-announce-extension-of-partnership
northwestern-under-armour,Northwestern Athletics,2011-12,"Multiyear partnership announced, beginning in the 2012-13 season",https://nusports.com/news/2011/12/17/Under_Armour_and_Northwestern_Form_Multiyear_Partnership
ohio-nike,Ohio Athletics,2026-10-02,"Five-year Nike deal through BSN SPORTS starting July 2027, covering all 16 programs",https://ohiobobcats.com/news/2026/10/2/ohio-athletics-announces-five-year-apparel-partnership-with-nike
ohio-adidas,Ohio Athletics,2025-07-30,"Extension keeping Adidas as official apparel brand through June 30, 2027",https://ohiobobcats.com/news/2025/7/30/general-ohio-athletics-extends-collaboration-with-adidas-and-partners-with-game-one
ohio-state-nike,Sports Illustrated,2016-01-15,"15-year, $252 million Nike extension",https://www.si.com/college/2016/01/15/nike-ohio-state-252-million-contract
ohio-state-nike,NBC24,2016-01-15,Partnership scheduled to end in July 2018 now continues to 2033,https://nbc24.com/sports/college/ohio-state-nike-agree-on-252m-sponsorship-extension-01-15-2016-222542847
oklahoma-state-nike,KOKH FOX 25,2023-05,OSU unveils new Nike football uniforms for 2023,https://okcfox.com/sports/oklahoma-state-cowboys/gallery/oklahoma-state-university-osu-unveils-new-nike-2023-football-uniforms-cowboys-go-pokes-nike-dri-fit-nike-fuse-field-utility-special-edition-big-12-big-xxii-conference-pistols-firing-boone-pickens-stadium-sports-stillwater-may-10-2023?photo=1
oklahoma-state-nike,Visit Stillwater,2023,Oklahoma State wears Nike uniforms from 2023,https://www.visitstillwater.org/articles/post/oklahoma-state-nike-weave-together-past-present-and-future-with-new-football-uniforms/
old-dominion-under-armour,Old Dominion Athletics,2026-09-01,Names Under Armour as the football jersey maker for the 2026 season opener; no deal terms given,https://odusports.com/news/2026/09/1/odu-to-wear-camo-uniforms-in-opener-against-norfolk-state-in-honor-of-ltc-brandon-a-shah
old-dominion-under-armour,Old Dominion Athletics,2015-03-09,"Five-year partnership naming Under Armour official outfitter of football and basketball, beginning September 1, 2015",https://odusports.com/news/2015/3/9/209936687.aspx
old-dominion-under-armour,WSLS,2015-03-11,"Five-year deal; credits and payments total $395,000 in 2015-16",https://www.wsls.com/news/2015/03/11/old-dominion-university-to-get-400000-annually-under-attire-pact
oregon-nike,University of Oregon Board of Trustees,2017-12-08,"Resolution approving an 11-year multi-sport apparel agreement with Nike, through May 31, 2028, effective July 1, 2017",https://trustees.uoregon.edu/sites/trustees2.uoregon.edu/files/resolution_approval_of_multi-sport_apparel_agreenment_for_oregon_athletics.pdf
oregon-nike,SportBusiness,,"Nike renews Oregon apparel partnership for 11 years, ending May 31, 2028",https://sponsorship.sportbusiness.com/news/nike-extends-university-of-oregon-backing/
oregon-state-nike,Oregon Business,2013-03-05,Oregon State worked with Nike on its new logo and uniforms,https://oregonbusiness.com/8943-osu-gets-new-logo-uniforms/
oregon-state-adidas,Sports Illustrated,2026-10-07,"Speculation after Chad Johnson visited Adidas and filmed with the team; no deal reported. Says Nike signed an 11-year extension in May 2015",https://www.si.com/onsi/jerseys/news/could-oregon-state-leave-nike-for-adidas
purdue-nike,Purdue Athletics,2026-02-16,Purdue's team store sells Nike Purdue jerseys,https://purduesports.com/news/2026/02/16/purdue-to-release-boilermaker-legends-collection
sacramento-state-adidas,SGB Media,2013-09-10,Sport Chalet and Adidas apparel program for all 21 sports,https://sgbonline.com/?p=47929
sacramento-state-nike,Sacramento State Athletics,,The official athletics site lists Nike as a partner,https://hornetsports.com/
sam-houston-under-armour,Sam Houston Athletics,2019-09-18,"Seven-year apparel deal beginning June 1, 2020",https://gobearkats.com/news/2019/9/18/211811991
san-diego-state-nike,San Diego State Athletics,2017-05,Long-term Nike extension through the 2023-24 season covering all 19 programs,https://goaztecs.com/news/2017/5/15/San_Diego_State_and_Nike_sign_new_deal
san-jose-state-adidas,San Jose State Athletics,2017-04-05,"Six years from July 1, 2017, through 2022-23",https://sjsuspartans.com/news/2017/04/6/san-jose-state-university-athletics-announces-partnership-with-adidas
san-jose-state-under-armour,San Jose State Athletics,,The official athletics site lists Under Armour as a partner,https://sjsuspartans.com/
south-alabama-adidas,South Alabama Athletics,2024-11-07,Extension as exclusive apparel provider through June 2030,https://usajaguars.com/news/2024/11/7/general-south-alabama-athletics-extends-partnership-with-adidas.aspx
south-alabama-adidas,SportBusiness,,"Seven-year deal from June 1, 2018 to May 31, 2025, replacing Nike",https://sponsorship.sportbusiness.com/news/university-of-south-alabama-swaps-nike-for-adidas/
south-florida-adidas,USF Athletics,2017-12-06,"Eight years, through the 2025-26 season",https://gousfbulls.com/news/2017/12/6/general-athletics-announces-partnership-with-adidas
south-florida-adidas,USF Athletics,2026-04-08,The athletics site lists Adidas as a partner,https://gousfbulls.com/news/2026/4/8/football-usf-athletics-announces-landmark-jersey-partnership-with-tampa-general-hospital
southern-miss-adidas,Southern Miss Athletics,2017-10-31,Adidas named official brand through the 2024-2025 season; no start date stated,https://southernmiss.com/news/2017/10/31/southern_miss_announces_partnership_with_adidas_
southern-miss-adidas,Southern Miss Athletics,2018-07-01,"New multi-year partnership begins July 1, 2018, through the 2024-2025 season",https://southernmiss.com/news/2018/7/1/Southern_Miss_and_adidas_begin_multi_year_partnership
southern-miss-adidas,SGB Media,2017-10-31,"Eight-year deal through 2024/25, replacing Russell Athletic",https://sgbonline.com/?p=108413
stanford-nike,Stanford Athletics,2001-08-31,Stanford continues its sponsorship relationship with Nike; no term published,https://gostanford.com/sports/2001/8/31/208444746
stanford-nike,Stanford Magazine,2001,Earlier Nike contract ended June 2001; Nike and other suppliers gave $1.5M to $2M a year,https://stanfordmag.org/contents/is-time-running-out-on-nike-contract
tcu-nike,NBC DFW,2024-06-17,New Nike uniforms for the 2024 season,https://www.nbcdfw.com/news/sports/tcu-football-new-uniforms-2024/3569577/
temple-nike,The Philadelphia Inquirer,2023-06-14,Nike extension announced; details not disclosed,https://www.inquirer.com/college-sports/temple/temple-nike-agreement-extension-athletic-apparel-20230614.html
temple-nike,SportsLogos.Net,2020-04-16,Three-year Nike deal beginning July 2020,https://news.sportslogos.net/2020/04/16/temple-owls-announce-three-year-deal-with-nike/college/
texas-state-adidas,Texas State Athletics,2022-08,"Adidas outfitter since 2010, extension through June 2025 with a two-year school option",https://txst.com/news/2022/8/15/athletics-texas-state-extends-partnership-with-adidas
texas-tech-adidas,Texas Tech Athletics,2024-07-01,"10-year partnership effective July 1, 2024",https://texastech.com/news/2024/7/1/general-texas-tech-adidas-launch-10-year-partnership
texas-tech-adidas,KCBD,2024-07-01,Adidas is the footwear and apparel partner for 10 years,https://www.kcbd.com/2024/07/01/texas-tech-adidas-officially-launch-10-year-partnership
toledo-nike,Toledo Athletics,2023-02-21,"Extension of the Nike partnership to May 31, 2028, all varsity sports",https://utrockets.com/news/2023/2/21/university-of-toledo-athletics-announces-extension-to-partnership-with-nike-game-one.aspx
troy-adidas,Troy Athletics,2023-05-30,Five-year extension through the 2027-28 athletic year,https://troytrojans.com/news/2023/5/30/general-troy-athletics-adidas-extend-partnership
tulane-nike,Tulane Athletics,2025-03-13,Multi-year extension with Nike and BSN Sports covering all 17 programs,https://tulanegreenwave.com/news/2025/3/13/general-green-wave-extend-apparel-partnership-with-nike-and-bsn-sports
tulsa-adidas,Tulsa Athletics,2016-02-16,"Eight-year adidas partnership from July 1, 2016 through the 2023-24 athletic season",https://tulsahurricane.com/news/2016/2/16/GEN_0216160053
tulsa-adidas,The Bull,2024,2024 football uniform story names adidas as official supplier of Tulsa athletics,https://thebulltulsa.com/story/669abf5b6954f24a435b32f5/golden-hurricane-football-unveils-new-uniforms-for-2024
uab-under-armour,UAB Athletics,2016-09-29,Multi-year Under Armour agreement,https://uabsports.com/news/2016/9/29/UAB_Athletics_signs_Multi_Year_Agreement_with_Under_Armour
uab-under-armour,UAB Athletics,,The official athletics site lists Under Armour as a partner,https://uabsports.com/
ucf-nike,UCF Athletics,2023-10-31,Five-year deal keeps Nike as apparel and footwear provider through the 2028-29 academic year,https://ucfknights.com/news/2023/10/31/ucf-athletics-and-nike-extend-agreement-through-2029
ucla-nike,Yahoo Sports,2020-12-08,Six-year Nike and Jordan Brand deal starting July 2021 covering all UCLA teams,https://sports.yahoo.com/nike-signs-ucla-jordan-brand-174813318.html
ucla-nike,SportsLogos.Net News,2021-07-21,UCLA football unveils Jordan Brand uniforms with the Jumpman logo,https://news.sportslogos.net/ucla-bruins-unveil-jordan-brand-football-uniforms
ulm-adidas,ULM Athletics,,The official athletics site lists Adidas as a partner,https://ulmwarhawks.com/
umass-adidas,UMass Athletics,2018-10,"10-year extension through the 2027-28 season, all 21 varsity teams",https://umassathletics.com/news/2018/10/17/general-university-of-massachusetts-adidas-announce-10-year-partnership-extension
utah-state-nike,KSL,2006-06-13,Three to five year Nike contract,https://www.ksl.com/article/307551
utah-state-nike,The Herald Journal,2012,Utah State rebranded with Nike,https://www.hjnews.com/news/aggies-unveil-new-logos-uniforms/article_d213c860-919f-11e1-bb6b-0019bb2963f4.html
utep-adidas,UTEP Athletics,2022-11-18,"Five-year partnership, Adidas official footwear, apparel and accessory brand",https://utepminers.com/news/2022/11/18/general-utep-athletics-and-adidas-announce-partnership-game-one-to-serve-as-distribution-partner
utep-adidas,KTSM 9 News,2022-11-02,"UTEP moving from Nike to Adidas for the 2023-24 athletics season, five years",https://www.ktsm.com/sports/college-sports/utep/utep-to-switch-from-nike-to-adidas-for-athletic-department-apparel-in-2023/amp/
utep-nike,KTSM 9 News,2022-11-02,Nike outfitted UTEP football from 2004 and the deal ends in 2023 as Adidas takes over,https://www.ktsm.com/sports/college-sports/utep/utep-to-switch-from-nike-to-adidas-for-athletic-department-apparel-in-2023/amp/
utsa-nike,UTSA Athletics,2025-06-02,"Nike became official outfitter on June 2, 2025; initial agreement spans six years",https://goutsa.com/news/2025/06/2/utsa-athletics-begins-new-apparel-partnership-with-nike-and-game-one
utsa-nike,UTSA Athletics,2024-10-23,"Nike announced as official outfitter beginning June 2, 2025",https://goutsa.com/news/2024/10/23/utsa-athletics-partners-with-nike-and-game-one
utsa-adidas,UTSA Athletics,2025-06-02,adidas was UTSA's partner from 2013 to 2025,https://goutsa.com/news/2025/06/2/utsa-athletics-begins-new-apparel-partnership-with-nike-and-game-one
vanderbilt-nike,Vanderbilt Athletics,2015-07-07,Nike extension through 2023; value not disclosed,https://vucommodores.com/vanderbilt-nike-expand-agreement
vanderbilt-nike,WKRN News 2,2015-07-08,Vanderbilt extended its Nike deal through 2023,https://digital-release.wkrn.com/?p=194205
wake-forest-nike,Wake Forest Athletics,2021-12-16,Nike continues as exclusive uniform supplier; no term published,https://godeacs.com/news/2021/12/16/general-wake-forest-teams-with-winston-salem-headquartered-globally-renowned-hanesbrands-inc-as-primary-licensed-apparel-partner
washington-state-nike,Washington State Athletics,2025-08-27,"Nike partnership extended through June 2028, covering 17 programs",https://wsucougars.com/news/2025/8/27/wsu-athletics-cougars-nike-extend-partnership-through-2028
washington-state-nike,WSU News,2025-08-27,"Nike relationship since 2009, 10-year agreement in 2015, extension through June 2028",https://news.wsu.edu/news/2025/08/27/wsu-and-nike-extend-apparel-contract-through-2028/
west-virginia-nike,Sports Illustrated,,Nike contract extended to run through June 2026,https://www.si.com/college/westvirginia/football/photo-hints-at-possible-redesign-of-west-virginias-uniforms
west-virginia-nike,WVU Today,2019-04-15,WVU Athletics and Nike's Global Identity Group partner on a graphics and uniform package,https://wvutoday.wvu.edu/stories/2019/04/15/wvu-announces-partnership-with-nike-s-global-identity-group
wisconsin-under-armour,Wisconsin Athletics,2025-11-24,10-year extension of a partnership that began about ten years earlier; no dates or value given,https://uwbadgers.com/news/2025/11/24/general-news-uw-athletics-and-under-armour-extend-landmark-partnership
wisconsin-under-armour,Big10Central,2025-11-24,"Seven-year extension through 2033 with a three-year mutual option through 2036, $104.5M minimum over 10 years",https://big10central.com/school/wisconsin/wisconsin-asks-for-approval-of-extension-with-under-armour-that-adds-nil-funding/article_91ab64b3-3bcb-5c3a-bdd9-5fce241874c6.html
wku-nike,WKU Athletics,2026-07-27,Multi-year extension with Nike and BSN SPORTS; length not stated,https://wkusports.com/news/2026/7/27/general-wku-athletics-extends-contract-with-nike-bsn-sports
wku-nike,SGB Media,2026-07-27,Extension with Nike and BSN SPORTS; athletes continue to wear Nike,https://sgbonline.com/western-kentucky-extends-contract-with-nike-and-bsn-sports/
wku-nike,WKU Athletics,2017-04-25,"Five-year Nike deal starting July 1, 2017",https://wkusports.com/news/2017/4/25/WKU_Athletics_and_Nike_to_Enter_Five_Year_Apparel_Agreement
wyoming-adidas,Wyoming Athletics,2018-04,"Eight years through the 2025-26 season, official footwear, apparel and accessory brand",https://gowyo.com/news/2018/4/24/general-university-of-wyoming-announces-partnership-with-adidas.aspx
wyoming-adidas,SportBusiness,,Eight-year deal from the 2018-19 academic year to the end of the 2025-26 season,https://sponsorship.sportbusiness.com/news/university-of-wyoming-switches-to-adidas/
south-alabama-nike,SportBusiness,,South Alabama swapped Nike for Adidas in 2018,https://sponsorship.sportbusiness.com/news/university-of-south-alabama-swaps-nike-for-adidas/
hawaii-under-armour,KHON2,2025-02-27,Under Armour outfitted Hawaii from 2008 to 2021,https://www.khon2.com/sports/hawaii-athletics-announces-partnership-with-nike-bsn-sports/amp/
